userId,name,username,password
1,John Smith,user1,password
2,John Smith,user2,password
3,John Smith,user3,password
4,John Smith,user4,password
5,John Smith,user5,password
6,John Smith,user6,password
7,John Smith,user7,password
8,John Smith,user8,password
9,John Smith,user9,password
10,John Smith,user10,password
11,John Smith,user11,password
12,John Smith,user12,password
13,John Smith,user13,password
14,John Smith,user14,password
15,John Smith,user15,password
16,John Smith,user16,password
17,John Smith,user17,password
18,John Smith,user18,password
19,John Smith,user19,password
20,John Smith,user20,password
21,John Smith,user21,password
22,John Smith,user22,password
23,John Smith,user23,password
24,John Smith,user24,password
25,John Smith,user25,password
26,John Smith,user26,password
27,John Smith,user27,password
28,John Smith,user28,password
29,John Smith,user29,password
30,John Smith,user30,password
31,John Smith,user31,password
32,John Smith,user32,password
33,John Smith,user33,password
34,John Smith,user34,password
35,John Smith,user35,password
36,John Smith,user36,password
37,John Smith,user37,password
38,John Smith,user38,password
39,John Smith,user39,password
40,John Smith,user40,password
41,John Smith,user41,password
42,John Smith,user42,password
43,John Smith,user43,password
44,John Smith,user44,password
45,John Smith,user45,password
46,John Smith,user46,password
47,John Smith,user47,password
48,John Smith,user48,password
49,John Smith,user49,password
50,John Smith,user50,password
51,John Smith,user51,password
52,John Smith,user52,password
53,John Smith,user53,password
54,John Smith,user54,password
55,John Smith,user55,password
56,John Smith,user56,password
57,John Smith,user57,password
58,John Smith,user58,password
59,John Smith,user59,password
60,John Smith,user60,password
61,John Smith,user61,password
62,John Smith,user62,password
63,John Smith,user63,password
64,John Smith,user64,password
65,John Smith,user65,password
66,John Smith,user66,password
67,John Smith,user67,password
68,John Smith,user68,password
69,John Smith,user69,password
70,John Smith,user70,password
71,John Smith,user71,password
72,John Smith,user72,password
73,John Smith,user73,password
74,John Smith,user74,password
75,John Smith,user75,password
76,John Smith,user76,password
77,John Smith,user77,password
78,John Smith,user78,password
79,John Smith,user79,password
80,John Smith,user80,password
81,John Smith,user81,password
82,John Smith,user82,password
83,John Smith,user83,password
84,John Smith,user84,password
85,John Smith,user85,password
86,John Smith,user86,password
87,John Smith,user87,password
88,John Smith,user88,password
89,John Smith,user89,password
90,John Smith,user90,password
91,John Smith,user91,password
92,John Smith,user92,password
93,John Smith,user93,password
94,John Smith,user94,password
95,John Smith,user95,password
96,John Smith,user96,password
97,John Smith,user97,password
98,John Smith,user98,password
99,John Smith,user99,password
100,John Smith,user100,password
101,John Smith,user101,password
102,John Smith,user102,password
103,John Smith,user103,password
104,John Smith,user104,password
105,John Smith,user105,password
106,John Smith,user106,password
107,John Smith,user107,password
108,John Smith,user108,password
109,John Smith,user109,password
110,John Smith,user110,password
111,John Smith,user111,password
112,John Smith,user112,password
113,John Smith,user113,password
114,John Smith,user114,password
115,John Smith,user115,password
116,John Smith,user116,password
117,John Smith,user117,password
118,John Smith,user118,password
119,John Smith,user119,password
120,John Smith,user120,password
121,John Smith,user121,password
122,John Smith,user122,password
123,John Smith,user123,password
124,John Smith,user124,password
125,John Smith,user125,password
126,John Smith,user126,password
127,John Smith,user127,password
128,John Smith,user128,password
129,John Smith,user129,password
130,John Smith,user130,password
131,John Smith,user131,password
132,John Smith,user132,password
133,John Smith,user133,password
134,John Smith,user134,password
135,John Smith,user135,password
136,John Smith,user136,password
137,John Smith,user137,password
138,John Smith,user138,password
139,John Smith,user139,password
140,John Smith,user140,password
141,John Smith,user141,password
142,John Smith,user142,password
143,John Smith,user143,password
144,John Smith,user144,password
145,John Smith,user145,password
146,John Smith,user146,password
147,John Smith,user147,password
148,John Smith,user148,password
149,John Smith,user149,password
150,John Smith,user150,password
151,John Smith,user151,password
152,John Smith,user152,password
153,John Smith,user153,password
154,John Smith,user154,password
155,John Smith,user155,password
156,John Smith,user156,password
157,John Smith,user157,password
158,John Smith,user158,password
159,John Smith,user159,password
160,John Smith,user160,password
161,John Smith,user161,password
162,John Smith,user162,password
163,John Smith,user163,password
164,John Smith,user164,password
165,John Smith,user165,password
166,John Smith,user166,password
167,John Smith,user167,password
168,John Smith,user168,password
169,John Smith,user169,password
170,John Smith,user170,password
171,John Smith,user171,password
172,John Smith,user172,password
173,John Smith,user173,password
174,John Smith,user174,password
175,John Smith,user175,password
176,John Smith,user176,password
177,John Smith,user177,password
178,John Smith,user178,password
179,John Smith,user179,password
180,John Smith,user180,password
181,John Smith,user181,password
182,John Smith,user182,password
183,John Smith,user183,password
184,John Smith,user184,password
185,John Smith,user185,password
186,John Smith,user186,password
187,John Smith,user187,password
188,John Smith,user188,password
189,John Smith,user189,password
190,John Smith,user190,password
191,John Smith,user191,password
192,John Smith,user192,password
193,John Smith,user193,password
194,John Smith,user194,password
195,John Smith,user195,password
196,John Smith,user196,password
197,John Smith,user197,password
198,John Smith,user198,password
199,John Smith,user199,password
200,John Smith,user200,password
201,John Smith,user201,password
202,John Smith,user202,password
203,John Smith,user203,password
204,John Smith,user204,password
205,John Smith,user205,password
206,John Smith,user206,password
207,John Smith,user207,password
208,John Smith,user208,password
209,John Smith,user209,password
210,John Smith,user210,password
211,John Smith,user211,password
212,John Smith,user212,password
213,John Smith,user213,password
214,John Smith,user214,password
215,John Smith,user215,password
216,John Smith,user216,password
217,John Smith,user217,password
218,John Smith,user218,password
219,John Smith,user219,password
220,John Smith,user220,password
221,John Smith,user221,password
222,John Smith,user222,password
223,John Smith,user223,password
224,John Smith,user224,password
225,John Smith,user225,password
226,John Smith,user226,password
227,John Smith,user227,password
228,John Smith,user228,password
229,John Smith,user229,password
230,John Smith,user230,password
231,John Smith,user231,password
232,John Smith,user232,password
233,John Smith,user233,password
234,John Smith,user234,password
235,John Smith,user235,password
236,John Smith,user236,password
237,John Smith,user237,password
238,John Smith,user238,password
239,John Smith,user239,password
240,John Smith,user240,password
241,John Smith,user241,password
242,John Smith,user242,password
243,John Smith,user243,password
244,John Smith,user244,password
245,John Smith,user245,password
246,John Smith,user246,password
247,John Smith,user247,password
248,John Smith,user248,password
249,John Smith,user249,password
250,John Smith,user250,password
251,John Smith,user251,password
252,John Smith,user252,password
253,John Smith,user253,password
254,John Smith,user254,password
255,John Smith,user255,password
256,John Smith,user256,password
257,John Smith,user257,password
258,John Smith,user258,password
259,John Smith,user259,password
260,John Smith,user260,password
261,John Smith,user261,password
262,John Smith,user262,password
263,John Smith,user263,password
264,John Smith,user264,password
265,John Smith,user265,password
266,John Smith,user266,password
267,John Smith,user267,password
268,John Smith,user268,password
269,John Smith,user269,password
270,John Smith,user270,password
271,John Smith,user271,password
272,John Smith,user272,password
273,John Smith,user273,password
274,John Smith,user274,password
275,John Smith,user275,password
276,John Smith,user276,password
277,John Smith,user277,password
278,John Smith,user278,password
279,John Smith,user279,password
280,John Smith,user280,password
281,John Smith,user281,password
282,John Smith,user282,password
283,John Smith,user283,password
284,John Smith,user284,password
285,John Smith,user285,password
286,John Smith,user286,password
287,John Smith,user287,password
288,John Smith,user288,password
289,John Smith,user289,password
290,John Smith,user290,password
291,John Smith,user291,password
292,John Smith,user292,password
293,John Smith,user293,password
294,John Smith,user294,password
295,John Smith,user295,password
296,John Smith,user296,password
297,John Smith,user297,password
298,John Smith,user298,password
299,John Smith,user299,password
300,John Smith,user300,password
301,John Smith,user301,password
302,John Smith,user302,password
303,John Smith,user303,password
304,John Smith,user304,password
305,John Smith,user305,password
306,John Smith,user306,password
307,John Smith,user307,password
308,John Smith,user308,password
309,John Smith,user309,password
310,John Smith,user310,password
311,John Smith,user311,password
312,John Smith,user312,password
313,John Smith,user313,password
314,John Smith,user314,password
315,John Smith,user315,password
316,John Smith,user316,password
317,John Smith,user317,password
318,John Smith,user318,password
319,John Smith,user319,password
320,John Smith,user320,password
321,John Smith,user321,password
322,John Smith,user322,password
323,John Smith,user323,password
324,John Smith,user324,password
325,John Smith,user325,password
326,John Smith,user326,password
327,John Smith,user327,password
328,John Smith,user328,password
329,John Smith,user329,password
330,John Smith,user330,password
331,John Smith,user331,password
332,John Smith,user332,password
333,John Smith,user333,password
334,John Smith,user334,password
335,John Smith,user335,password
336,John Smith,user336,password
337,John Smith,user337,password
338,John Smith,user338,password
339,John Smith,user339,password
340,John Smith,user340,password
341,John Smith,user341,password
342,John Smith,user342,password
343,John Smith,user343,password
344,John Smith,user344,password
345,John Smith,user345,password
346,John Smith,user346,password
347,John Smith,user347,password
348,John Smith,user348,password
349,John Smith,user349,password
350,John Smith,user350,password
351,John Smith,user351,password
352,John Smith,user352,password
353,John Smith,user353,password
354,John Smith,user354,password
355,John Smith,user355,password
356,John Smith,user356,password
357,John Smith,user357,password
358,John Smith,user358,password
359,John Smith,user359,password
360,John Smith,user360,password
361,John Smith,user361,password
362,John Smith,user362,password
363,John Smith,user363,password
364,John Smith,user364,password
365,John Smith,user365,password
366,John Smith,user366,password
367,John Smith,user367,password
368,John Smith,user368,password
369,John Smith,user369,password
370,John Smith,user370,password
371,John Smith,user371,password
372,John Smith,user372,password
373,John Smith,user373,password
374,John Smith,user374,password
375,John Smith,user375,password
376,John Smith,user376,password
377,John Smith,user377,password
378,John Smith,user378,password
379,John Smith,user379,password
380,John Smith,user380,password
381,John Smith,user381,password
382,John Smith,user382,password
383,John Smith,user383,password
384,John Smith,user384,password
385,John Smith,user385,password
386,John Smith,user386,password
387,John Smith,user387,password
388,John Smith,user388,password
389,John Smith,user389,password
390,John Smith,user390,password
391,John Smith,user391,password
392,John Smith,user392,password
393,John Smith,user393,password
394,John Smith,user394,password
395,John Smith,user395,password
396,John Smith,user396,password
397,John Smith,user397,password
398,John Smith,user398,password
399,John Smith,user399,password
400,John Smith,user400,password
401,John Smith,user401,password
402,John Smith,user402,password
403,John Smith,user403,password
404,John Smith,user404,password
405,John Smith,user405,password
406,John Smith,user406,password
407,John Smith,user407,password
408,John Smith,user408,password
409,John Smith,user409,password
410,John Smith,user410,password
411,John Smith,user411,password
412,John Smith,user412,password
413,John Smith,user413,password
414,John Smith,user414,password
415,John Smith,user415,password
416,John Smith,user416,password
417,John Smith,user417,password
418,John Smith,user418,password
419,John Smith,user419,password
420,John Smith,user420,password
421,John Smith,user421,password
422,John Smith,user422,password
423,John Smith,user423,password
424,John Smith,user424,password
425,John Smith,user425,password
426,John Smith,user426,password
427,John Smith,user427,password
428,John Smith,user428,password
429,John Smith,user429,password
430,John Smith,user430,password
431,John Smith,user431,password
432,John Smith,user432,password
433,John Smith,user433,password
434,John Smith,user434,password
435,John Smith,user435,password
436,John Smith,user436,password
437,John Smith,user437,password
438,John Smith,user438,password
439,John Smith,user439,password
440,John Smith,user440,password
441,John Smith,user441,password
442,John Smith,user442,password
443,John Smith,user443,password
444,John Smith,user444,password
445,John Smith,user445,password
446,John Smith,user446,password
447,John Smith,user447,password
448,John Smith,user448,password
449,John Smith,user449,password
450,John Smith,user450,password
451,John Smith,user451,password
452,John Smith,user452,password
453,John Smith,user453,password
454,John Smith,user454,password
455,John Smith,user455,password
456,John Smith,user456,password
457,John Smith,user457,password
458,John Smith,user458,password
459,John Smith,user459,password
460,John Smith,user460,password
461,John Smith,user461,password
462,John Smith,user462,password
463,John Smith,user463,password
464,John Smith,user464,password
465,John Smith,user465,password
466,John Smith,user466,password
467,John Smith,user467,password
468,John Smith,user468,password
469,John Smith,user469,password
470,John Smith,user470,password
471,John Smith,user471,password
472,John Smith,user472,password
473,John Smith,user473,password
474,John Smith,user474,password
475,John Smith,user475,password
476,John Smith,user476,password
477,John Smith,user477,password
478,John Smith,user478,password
479,John Smith,user479,password
480,John Smith,user480,password
481,John Smith,user481,password
482,John Smith,user482,password
483,John Smith,user483,password
484,John Smith,user484,password
485,John Smith,user485,password
486,John Smith,user486,password
487,John Smith,user487,password
488,John Smith,user488,password
489,John Smith,user489,password
490,John Smith,user490,password
491,John Smith,user491,password
492,John Smith,user492,password
493,John Smith,user493,password
494,John Smith,user494,password
495,John Smith,user495,password
496,John Smith,user496,password
497,John Smith,user497,password
498,John Smith,user498,password
499,John Smith,user499,password
500,John Smith,user500,password
501,John Smith,user501,password
502,John Smith,user502,password
503,John Smith,user503,password
504,John Smith,user504,password
505,John Smith,user505,password
506,John Smith,user506,password
507,John Smith,user507,password
508,John Smith,user508,password
509,John Smith,user509,password
510,John Smith,user510,password
511,John Smith,user511,password
512,John Smith,user512,password
513,John Smith,user513,password
514,John Smith,user514,password
515,John Smith,user515,password
516,John Smith,user516,password
517,John Smith,user517,password
518,John Smith,user518,password
519,John Smith,user519,password
520,John Smith,user520,password
521,John Smith,user521,password
522,John Smith,user522,password
523,John Smith,user523,password
524,John Smith,user524,password
525,John Smith,user525,password
526,John Smith,user526,password
527,John Smith,user527,password
528,John Smith,user528,password
529,John Smith,user529,password
530,John Smith,user530,password
531,John Smith,user531,password
532,John Smith,user532,password
533,John Smith,user533,password
534,John Smith,user534,password
535,John Smith,user535,password
536,John Smith,user536,password
537,John Smith,user537,password
538,John Smith,user538,password
539,John Smith,user539,password
540,John Smith,user540,password
541,John Smith,user541,password
542,John Smith,user542,password
543,John Smith,user543,password
544,John Smith,user544,password
545,John Smith,user545,password
546,John Smith,user546,password
547,John Smith,user547,password
548,John Smith,user548,password
549,John Smith,user549,password
550,John Smith,user550,password
551,John Smith,user551,password
552,John Smith,user552,password
553,John Smith,user553,password
554,John Smith,user554,password
555,John Smith,user555,password
556,John Smith,user556,password
557,John Smith,user557,password
558,John Smith,user558,password
559,John Smith,user559,password
560,John Smith,user560,password
561,John Smith,user561,password
562,John Smith,user562,password
563,John Smith,user563,password
564,John Smith,user564,password
565,John Smith,user565,password
566,John Smith,user566,password
567,John Smith,user567,password
568,John Smith,user568,password
569,John Smith,user569,password
570,John Smith,user570,password
571,John Smith,user571,password
572,John Smith,user572,password
573,John Smith,user573,password
574,John Smith,user574,password
575,John Smith,user575,password
576,John Smith,user576,password
577,John Smith,user577,password
578,John Smith,user578,password
579,John Smith,user579,password
580,John Smith,user580,password
581,John Smith,user581,password
582,John Smith,user582,password
583,John Smith,user583,password
584,John Smith,user584,password
585,John Smith,user585,password
586,John Smith,user586,password
587,John Smith,user587,password
588,John Smith,user588,password
589,John Smith,user589,password
590,John Smith,user590,password
591,John Smith,user591,password
592,John Smith,user592,password
593,John Smith,user593,password
594,John Smith,user594,password
595,John Smith,user595,password
596,John Smith,user596,password
597,John Smith,user597,password
598,John Smith,user598,password
599,John Smith,user599,password
600,John Smith,user600,password
601,John Smith,user601,password
602,John Smith,user602,password
603,John Smith,user603,password
604,John Smith,user604,password
605,John Smith,user605,password
606,John Smith,user606,password
607,John Smith,user607,password
608,John Smith,user608,password
609,John Smith,user609,password
610,John Smith,user610,password
611,Elliot Jordan,jordan1,qwerty
612,Joe Petersen,BigJoe,pass
613,Peter Pan,panman,12345
614,Donald trump,trump,12345
615,Robert King,rob1,letmein
